environment,backend,run,requested_users,requested_items,users,items,positive_interactions,dim,k,block_size,max_interactions,min_rating,min_user_interactions,load_time_s,cpu_avg_%,cpu_peak_%,ram_peak_MB,vram_peak_MB,cpu_power_W,gpu_power_W,total_power_W,cpu_energy_Wh,gpu_energy_Wh,total_energy_Wh,codecarbon_energy_kWh,codecarbon_emissions_kg,codecarbon_cpu_energy_kWh,codecarbon_gpu_energy_kWh,codecarbon_ram_energy_kWh,notes,status,recommendation_time_s,comparisons,throughput_comparisons_s,output_npz,error
local,torch_gpu,1,5000,10000,5000,10000,95007,384,10,1000,1000000,4.0,2,77.35019219700007,57.075,107.2,1136.1796875,227.0,,,,,,,5.315806306409828e-05,1.5475003212778842e-05,3.011200061320964e-06,0.0,5.014686300277732e-05,sin RAPL para potencia CPU,ok,1.5944627159999527,50000000,31358525.664015263,,
local,ray_cuda,1,5000,10000,5000,10000,95007,384,10,1000,1000000,4.0,2,77.35019219700007,6.064444444444445,93.1,3778.78515625,457.0,,,,,,,3.854412898032626e-05,1.1220697019849718e-05,9.986166969901375e-07,0.0,3.75455122833361e-05,sin RAPL para potencia CPU,ok,13.693784714999993,50000000,3651291.5195191186,,
local,torch_gpu,2,10000,25000,10000,25000,185538,384,10,1000,1000000,4.0,2,78.5891483150001,78.7074074074074,115.4,2136.75,517.0,,,,,,,3.69647963759296e-05,1.0760932767385993e-05,8.810887203744429e-07,0.0,3.608370765555515e-05,sin RAPL para potencia CPU,ok,2.1893259759999637,250000000,114190395.92119841,,
local,ray_cuda,2,10000,25000,10000,25000,185538,384,10,1000,1000000,4.0,2,78.5891483150001,4.7793991416309005,127.7,3516.125,935.0,,,,,,,4.1789120691163405e-05,1.2165356291766653e-05,9.900969522650508e-07,0.0,4.079902373889835e-05,sin RAPL para potencia CPU,ok,21.096499768000058,250000000,11850307.053268103,,
local,torch_gpu,3,20000,50000,20000,50000,318961,384,10,1000,1000000,4.0,2,84.89252030299986,91.26363636363637,118.1,2055.6640625,1093.0,,,,,,,3.746903306569799e-05,1.090772262285454e-05,8.694608518068514e-07,0.0,3.659957221389113e-05,sin RAPL para potencia CPU,ok,4.625153810000029,1000000000,216209025.9221009,,
local,ray_cuda,3,20000,50000,20000,50000,318961,384,10,1000,1000000,4.0,2,84.89252030299986,4.748832684824903,144.8,3522.69921875,1833.0,,,,,,,4.702515713973202e-05,1.3689634570418807e-05,1.3066940730544296e-06,0.0,4.5718463066677585e-05,sin RAPL para potencia CPU,ok,47.56402527,1000000000,21024292.925660536,,
