environment,backend,run,requested_users,requested_items,users,items,positive_interactions,dim,k,block_size,max_interactions,min_rating,min_user_interactions,load_time_s,cpu_avg_%,cpu_peak_%,ram_peak_MB,vram_peak_MB,cpu_power_W,gpu_power_W,total_power_W,cpu_energy_Wh,gpu_energy_Wh,total_energy_Wh,codecarbon_energy_kWh,codecarbon_emissions_kg,codecarbon_cpu_energy_kWh,codecarbon_gpu_energy_kWh,codecarbon_ram_energy_kWh,notes,status,recommendation_time_s,comparisons,throughput_comparisons_s,output_npz,error
patagon,ray_cpu,1,10000,50000,10000,50000,225268,384,10,1000,1000000,4.0,2,80.19575051870197,59.699999999999996,150.8,19515.484375,,,,,,,,0.001997227094249243,0.0005814187710881798,0.0017444722577989115,0.0,0.0002527548364503308,sin nvidia-smi para VRAM/potencia GPU,ok,17.35972454585135,500000000,28802300.329096563,,
patagon,ray_cpu,2,50000,100000,50000,100000,557042,384,10,1000,1000000,4.0,2,104.00355586688966,63.50924369747899,132.2,80032.74609375,,412.55079631590485,,412.55079631590485,2.7702682491666666,,2.7702682491666666,0.0027356023220190527,0.0007963693987699326,0.002424705000318004,0.0,0.00031089732170104967,sin nvidia-smi para VRAM/potencia GPU,ok,24.173909700475633,5000000000,206834560.97718537,,
patagon,ray_cpu,3,100000,200000,100000,200000,798246,384,10,1000,1000000,4.0,2,138.508259258233,,,,,,,,,,,,,,,,,error,,20000000000,,,The worker died unexpectedly while executing this task. Check python-core-worker-*.log files for more information.
