environment,backend,run,requested_users,requested_items,users,items,positive_interactions,dim,k,block_size,ray_max_in_flight,max_interactions,min_rating,min_user_interactions,load_time_s,cpu_avg_%,cpu_peak_%,ram_peak_MB,vram_peak_MB,cpu_power_W,gpu_power_W,total_power_W,cpu_energy_Wh,gpu_energy_Wh,total_energy_Wh,codecarbon_energy_kWh,codecarbon_emissions_kg,codecarbon_cpu_energy_kWh,codecarbon_gpu_energy_kWh,codecarbon_ram_energy_kWh,notes,status,recommendation_time_s,comparisons,throughput_comparisons_s,output_npz,error
patagon,numpy,1,10000,50000,10000,50000,225267,384,10,1000,,1000000,4.0,2,81.63070846349001,148.0705426356589,167.2,8658.6171875,,495.810427372056,,495.810427372056,1.7391037119444446,,1.7391037119444446,0.0014437182722186498,0.0004202851573803878,0.001266745518673381,0.0,0.00017697275354526927,sin nvidia-smi para VRAM/potencia GPU,ok,12.627353152260184,500000000,39596580.05688266,,
patagon,numpy,2,50000,100000,50000,100000,557042,384,10,1000,,1000000,4.0,2,100.7230259058997,149.53342105263158,165.9,77713.36328125,,371.4711102156559,,371.4711102156559,11.640951019166668,,11.640951019166668,0.012885396205462606,0.0037511063455608357,0.011299758149521487,0.0,0.0015856380559410913,sin nvidia-smi para VRAM/potencia GPU,ok,112.81475871615112,5000000000,44320442.26217163,,
